,urls
0,https://www.rightmove.co.uk/properties/129924476#/?channel=RES_LET
1,https://www.rightmove.co.uk/properties/129183074#/?channel=RES_LET
2,https://www.rightmove.co.uk/properties/130815356#/?channel=RES_LET
3,https://www.rightmove.co.uk/properties/130815347#/?channel=RES_LET
4,https://www.rightmove.co.uk/properties/130815326#/?channel=RES_LET
5,https://www.rightmove.co.uk/properties/130815308#/?channel=RES_LET
6,https://www.rightmove.co.uk/properties/130815206#/?channel=RES_LET
7,https://www.rightmove.co.uk/properties/130815158#/?channel=RES_LET
8,https://www.rightmove.co.uk/properties/130815092#/?channel=RES_LET
9,https://www.rightmove.co.uk/properties/130815071#/?channel=RES_LET
10,https://www.rightmove.co.uk/properties/130815041#/?channel=RES_LET
11,https://www.rightmove.co.uk/properties/130815023#/?channel=RES_LET
12,https://www.rightmove.co.uk/properties/130815020#/?channel=RES_LET
13,https://www.rightmove.co.uk/properties/130815017#/?channel=RES_LET
14,https://www.rightmove.co.uk/properties/130814999#/?channel=RES_LET
15,https://www.rightmove.co.uk/properties/130814972#/?channel=RES_LET
16,https://www.rightmove.co.uk/properties/130814969#/?channel=RES_LET
17,https://www.rightmove.co.uk/properties/130814909#/?channel=RES_LET
18,https://www.rightmove.co.uk/properties/130814831#/?channel=RES_LET
19,https://www.rightmove.co.uk/properties/130814753#/?channel=RES_LET
20,https://www.rightmove.co.uk/properties/130814711#/?channel=RES_LET
21,https://www.rightmove.co.uk/properties/130814705#/?channel=RES_LET
22,https://www.rightmove.co.uk/properties/130814687#/?channel=RES_LET
23,https://www.rightmove.co.uk/properties/130814684#/?channel=RES_LET
24,https://www.rightmove.co.uk/properties/130814648#/?channel=RES_LET
25,https://www.rightmove.co.uk/properties/130477391#/?channel=RES_LET
26,https://www.rightmove.co.uk/properties/130723325#/?channel=RES_LET
27,https://www.rightmove.co.uk/properties/109899839#/?channel=RES_LET
28,https://www.rightmove.co.uk/properties/130814429#/?channel=RES_LET
29,https://www.rightmove.co.uk/properties/130814378#/?channel=RES_LET
30,https://www.rightmove.co.uk/properties/130814366#/?channel=RES_LET
31,https://www.rightmove.co.uk/properties/130814363#/?channel=RES_LET
32,https://www.rightmove.co.uk/properties/130814360#/?channel=RES_LET
33,https://www.rightmove.co.uk/properties/129861578#/?channel=RES_LET
34,https://www.rightmove.co.uk/properties/130814315#/?channel=RES_LET
35,https://www.rightmove.co.uk/properties/130814312#/?channel=RES_LET
36,https://www.rightmove.co.uk/properties/130814309#/?channel=RES_LET
37,https://www.rightmove.co.uk/properties/130814303#/?channel=RES_LET
38,https://www.rightmove.co.uk/properties/130814282#/?channel=RES_LET
39,https://www.rightmove.co.uk/properties/130814270#/?channel=RES_LET
40,https://www.rightmove.co.uk/properties/128382110#/?channel=RES_LET
41,https://www.rightmove.co.uk/properties/129364325#/?channel=RES_LET
42,https://www.rightmove.co.uk/properties/130814249#/?channel=RES_LET
43,https://www.rightmove.co.uk/properties/130814246#/?channel=RES_LET
44,https://www.rightmove.co.uk/properties/130814243#/?channel=RES_LET
45,https://www.rightmove.co.uk/properties/130814240#/?channel=RES_LET
46,https://www.rightmove.co.uk/properties/130814174#/?channel=RES_LET
47,https://www.rightmove.co.uk/properties/130814051#/?channel=RES_LET
48,https://www.rightmove.co.uk/properties/130814024#/?channel=RES_LET
49,https://www.rightmove.co.uk/properties/130813991#/?channel=RES_LET
50,https://www.rightmove.co.uk/properties/130691519#/?channel=RES_LET
51,https://www.rightmove.co.uk/properties/130813988#/?channel=RES_LET
52,https://www.rightmove.co.uk/properties/130813985#/?channel=RES_LET
53,https://www.rightmove.co.uk/properties/130813967#/?channel=RES_LET
54,https://www.rightmove.co.uk/properties/130813955#/?channel=RES_LET
55,https://www.rightmove.co.uk/properties/130813889#/?channel=RES_LET
56,https://www.rightmove.co.uk/properties/130813886#/?channel=RES_LET
57,https://www.rightmove.co.uk/properties/130813862#/?channel=RES_LET
58,https://www.rightmove.co.uk/properties/130813739#/?channel=RES_LET
59,https://www.rightmove.co.uk/properties/130813742#/?channel=RES_LET
60,https://www.rightmove.co.uk/properties/130813733#/?channel=RES_LET
61,https://www.rightmove.co.uk/properties/130813712#/?channel=RES_LET
62,https://www.rightmove.co.uk/properties/130813688#/?channel=RES_LET
63,https://www.rightmove.co.uk/properties/130813673#/?channel=RES_LET
64,https://www.rightmove.co.uk/properties/130813676#/?channel=RES_LET
65,https://www.rightmove.co.uk/properties/130813661#/?channel=RES_LET
66,https://www.rightmove.co.uk/properties/130813664#/?channel=RES_LET
67,https://www.rightmove.co.uk/properties/130813667#/?channel=RES_LET
68,https://www.rightmove.co.uk/properties/130813649#/?channel=RES_LET
69,https://www.rightmove.co.uk/properties/130813652#/?channel=RES_LET
70,https://www.rightmove.co.uk/properties/130813655#/?channel=RES_LET
71,https://www.rightmove.co.uk/properties/130813658#/?channel=RES_LET
72,https://www.rightmove.co.uk/properties/130813640#/?channel=RES_LET
73,https://www.rightmove.co.uk/properties/130813643#/?channel=RES_LET
74,https://www.rightmove.co.uk/properties/130813646#/?channel=RES_LET
75,https://www.rightmove.co.uk/properties/130586654#/?channel=RES_LET
76,https://www.rightmove.co.uk/properties/130813646#/?channel=RES_LET
77,https://www.rightmove.co.uk/properties/130813637#/?channel=RES_LET
78,https://www.rightmove.co.uk/properties/130813622#/?channel=RES_LET
79,https://www.rightmove.co.uk/properties/130813613#/?channel=RES_LET
80,https://www.rightmove.co.uk/properties/130813562#/?channel=RES_LET
81,https://www.rightmove.co.uk/properties/130813553#/?channel=RES_LET
82,https://www.rightmove.co.uk/properties/130813550#/?channel=RES_LET
83,https://www.rightmove.co.uk/properties/130813547#/?channel=RES_LET
84,https://www.rightmove.co.uk/properties/127664405#/?channel=RES_LET
85,https://www.rightmove.co.uk/properties/130813526#/?channel=RES_LET
86,https://www.rightmove.co.uk/properties/130813523#/?channel=RES_LET
87,https://www.rightmove.co.uk/properties/130813520#/?channel=RES_LET
88,https://www.rightmove.co.uk/properties/130813517#/?channel=RES_LET
89,https://www.rightmove.co.uk/properties/130813514#/?channel=RES_LET
90,https://www.rightmove.co.uk/properties/130813511#/?channel=RES_LET
91,https://www.rightmove.co.uk/properties/130813499#/?channel=RES_LET
92,https://www.rightmove.co.uk/properties/130813496#/?channel=RES_LET
93,https://www.rightmove.co.uk/properties/130813508#/?channel=RES_LET
94,https://www.rightmove.co.uk/properties/130813505#/?channel=RES_LET
95,https://www.rightmove.co.uk/properties/130813487#/?channel=RES_LET
96,https://www.rightmove.co.uk/properties/85964448#/?channel=RES_LET
97,https://www.rightmove.co.uk/properties/129491126#/?channel=RES_LET
98,https://www.rightmove.co.uk/properties/130350362#/?channel=RES_LET
99,https://www.rightmove.co.uk/properties/128958053#/?channel=RES_LET
100,https://www.rightmove.co.uk/properties/129872753#/?channel=RES_LET
101,https://www.rightmove.co.uk/properties/130387652#/?channel=RES_LET
102,https://www.rightmove.co.uk/properties/130180778#/?channel=RES_LET
103,https://www.rightmove.co.uk/properties/130813442#/?channel=RES_LET
104,https://www.rightmove.co.uk/properties/130813424#/?channel=RES_LET
105,https://www.rightmove.co.uk/properties/130813397#/?channel=RES_LET
106,https://www.rightmove.co.uk/properties/129791768#/?channel=RES_LET
107,https://www.rightmove.co.uk/properties/129791735#/?channel=RES_LET
108,https://www.rightmove.co.uk/properties/130813355#/?channel=RES_LET
109,https://www.rightmove.co.uk/properties/130813358#/?channel=RES_LET
110,https://www.rightmove.co.uk/properties/130813349#/?channel=RES_LET
111,https://www.rightmove.co.uk/properties/130813334#/?channel=RES_LET
112,https://www.rightmove.co.uk/properties/130638524#/?channel=RES_LET
113,https://www.rightmove.co.uk/properties/130813301#/?channel=RES_LET
114,https://www.rightmove.co.uk/properties/130813310#/?channel=RES_LET
115,https://www.rightmove.co.uk/properties/130813289#/?channel=RES_LET
116,https://www.rightmove.co.uk/properties/130813292#/?channel=RES_LET
117,https://www.rightmove.co.uk/properties/130813280#/?channel=RES_LET
118,https://www.rightmove.co.uk/properties/130813430#/?channel=RES_LET
119,https://www.rightmove.co.uk/properties/128537948#/?channel=RES_LET
120,https://www.rightmove.co.uk/properties/128218892#/?channel=RES_LET
121,https://www.rightmove.co.uk/properties/130813235#/?channel=RES_LET
122,https://www.rightmove.co.uk/properties/130813229#/?channel=RES_LET
123,https://www.rightmove.co.uk/properties/130813223#/?channel=RES_LET
124,https://www.rightmove.co.uk/properties/130813214#/?channel=RES_LET
125,https://www.rightmove.co.uk/properties/81948045#/?channel=RES_LET
126,https://www.rightmove.co.uk/properties/130813202#/?channel=RES_LET
127,https://www.rightmove.co.uk/properties/130813205#/?channel=RES_LET
128,https://www.rightmove.co.uk/properties/130813190#/?channel=RES_LET
129,https://www.rightmove.co.uk/properties/130813196#/?channel=RES_LET
130,https://www.rightmove.co.uk/properties/130813352#/?channel=RES_LET
131,https://www.rightmove.co.uk/properties/130734518#/?channel=RES_LET
132,https://www.rightmove.co.uk/properties/130209005#/?channel=RES_LET
133,https://www.rightmove.co.uk/properties/129730766#/?channel=RES_LET
134,https://www.rightmove.co.uk/properties/130374212#/?channel=RES_LET
135,https://www.rightmove.co.uk/properties/130813124#/?channel=RES_LET
136,https://www.rightmove.co.uk/properties/129570935#/?channel=RES_LET
137,https://www.rightmove.co.uk/properties/130386743#/?channel=RES_LET
138,https://www.rightmove.co.uk/properties/130386740#/?channel=RES_LET
139,https://www.rightmove.co.uk/properties/130621775#/?channel=RES_LET
140,https://www.rightmove.co.uk/properties/130434569#/?channel=RES_LET
141,https://www.rightmove.co.uk/properties/130813091#/?channel=RES_LET
142,https://www.rightmove.co.uk/properties/130812923#/?channel=RES_LET
143,https://www.rightmove.co.uk/properties/130812890#/?channel=RES_LET
144,https://www.rightmove.co.uk/properties/130812893#/?channel=RES_LET
145,https://www.rightmove.co.uk/properties/130812896#/?channel=RES_LET
146,https://www.rightmove.co.uk/properties/130812872#/?channel=RES_LET
147,https://www.rightmove.co.uk/properties/130812809#/?channel=RES_LET
148,https://www.rightmove.co.uk/properties/130812785#/?channel=RES_LET
149,https://www.rightmove.co.uk/properties/130812776#/?channel=RES_LET
150,https://www.rightmove.co.uk/properties/127794968#/?channel=RES_LET
151,https://www.rightmove.co.uk/properties/130812755#/?channel=RES_LET
152,https://www.rightmove.co.uk/properties/130812752#/?channel=RES_LET
153,https://www.rightmove.co.uk/properties/130522574#/?channel=RES_LET
154,https://www.rightmove.co.uk/properties/130811801#/?channel=RES_LET
155,https://www.rightmove.co.uk/properties/130812740#/?channel=RES_LET
156,https://www.rightmove.co.uk/properties/130812737#/?channel=RES_LET
157,https://www.rightmove.co.uk/properties/130812734#/?channel=RES_LET
158,https://www.rightmove.co.uk/properties/130812722#/?channel=RES_LET
159,https://www.rightmove.co.uk/properties/130812683#/?channel=RES_LET
160,https://www.rightmove.co.uk/properties/130812650#/?channel=RES_LET
161,https://www.rightmove.co.uk/properties/130812638#/?channel=RES_LET
162,https://www.rightmove.co.uk/properties/130427783#/?channel=RES_LET
163,https://www.rightmove.co.uk/properties/130812542#/?channel=RES_LET
164,https://www.rightmove.co.uk/properties/130347131#/?channel=RES_LET
165,https://www.rightmove.co.uk/properties/130812494#/?channel=RES_LET
166,https://www.rightmove.co.uk/properties/130812461#/?channel=RES_LET
167,https://www.rightmove.co.uk/properties/130812410#/?channel=RES_LET
168,https://www.rightmove.co.uk/properties/130812386#/?channel=RES_LET
169,https://www.rightmove.co.uk/properties/130812368#/?channel=RES_LET
170,https://www.rightmove.co.uk/properties/130812359#/?channel=RES_LET
171,https://www.rightmove.co.uk/properties/130812353#/?channel=RES_LET
172,https://www.rightmove.co.uk/properties/130812332#/?channel=RES_LET
173,https://www.rightmove.co.uk/properties/130812317#/?channel=RES_LET
174,https://www.rightmove.co.uk/properties/130812296#/?channel=RES_LET
175,https://www.rightmove.co.uk/properties/20329929#/?channel=RES_LET
176,https://www.rightmove.co.uk/properties/130812194#/?channel=RES_LET
177,https://www.rightmove.co.uk/properties/130812167#/?channel=RES_LET
178,https://www.rightmove.co.uk/properties/130812158#/?channel=RES_LET
179,https://www.rightmove.co.uk/properties/130812149#/?channel=RES_LET
180,https://www.rightmove.co.uk/properties/130812137#/?channel=RES_LET
181,https://www.rightmove.co.uk/properties/130812128#/?channel=RES_LET
182,https://www.rightmove.co.uk/properties/130812122#/?channel=RES_LET
183,https://www.rightmove.co.uk/properties/130812116#/?channel=RES_LET
184,https://www.rightmove.co.uk/properties/130736111#/?channel=RES_LET
185,https://www.rightmove.co.uk/properties/130713809#/?channel=RES_LET
186,https://www.rightmove.co.uk/properties/130812104#/?channel=RES_LET
187,https://www.rightmove.co.uk/properties/130269407#/?channel=RES_LET
188,https://www.rightmove.co.uk/properties/130812074#/?channel=RES_LET
189,https://www.rightmove.co.uk/properties/130812086#/?channel=RES_LET
190,https://www.rightmove.co.uk/properties/130812065#/?channel=RES_LET
191,https://www.rightmove.co.uk/properties/130811993#/?channel=RES_LET
192,https://www.rightmove.co.uk/properties/130811969#/?channel=RES_LET
193,https://www.rightmove.co.uk/properties/130811960#/?channel=RES_LET
194,https://www.rightmove.co.uk/properties/130632185#/?channel=RES_LET
195,https://www.rightmove.co.uk/properties/130395470#/?channel=RES_LET
196,https://www.rightmove.co.uk/properties/130811855#/?channel=RES_LET
197,https://www.rightmove.co.uk/properties/130811852#/?channel=RES_LET
198,https://www.rightmove.co.uk/properties/130811840#/?channel=RES_LET
199,https://www.rightmove.co.uk/properties/130811825#/?channel=RES_LET
